location,Latitude,Longitude,Country,State,County,City,Source
Seattle WA US,47.6062095,-122.3320708,US,WA,King County,Seattle,google
Frankfurt US,38.2009055,-84.8732835,US,KY,Franklin County,Frankfort,google
London,51.5073509,-0.1277583,GB,,,London,google
Marseille FR,43.296482,5.36978,FR,PACA,13,Marseille,google
Inverness UK,57.477773,-4.224721,GB,Scotland,Highld,Inverness,google
Warsaw PL,52.2296756,21.0122287,PL,Masovian Voivodeship,Warszawa,Warsaw,google
Hove UK,50.8279319,-0.168749,GB,England,The City of Brighton and Hove,Hove,google
Orlando US,28.5383355,-81.3792365,US,FL,Orange County,Orlando,google
New York NY US,40.7127837,-74.0059413,US,NY,,NY,google
Rome IT,41.9027835,12.4963655,IT,Lazio,RM,Rome,google
Rio de Janeiro BR,-22.9068467,-43.1728965,BR,RJ,Rio de Janeiro,Rio de Janeiro,google
Houston US,29.7604267,-95.3698028,US,TX,Harris County,Houston,google
SJC San Jose CA US,37.3639472,-121.9289375,US,CA,Santa Clara County,San Jose,google
Atlanta,33.7489954,-84.3879824,US,GA,Fulton County,Atlanta,google
Swindon UK,51.5557739,-1.7797176,GB,England,Swindon,Swindon,google
London EN UK,51.5073509,-0.1277583,GB,,,London,google
Henderson NV,36.0395247,-114.9817213,US,NV,Clark County,Henderson,google
Rotterdam NL,51.9244201,4.4777325,NL,ZH,Government of Rotterdam,Rotterdam,google
Dundee UK,56.462018,-2.970721,GB,Scotland,Dundee City,Dundee,google
Macquarie Park AU,-33.7758202,151.1194285,AU,NSW,,Macquarie Park,google
Seattle,47.6062095,-122.3320708,US,WA,King County,Seattle,google
Chai Wan CHINA,30.766392,112.28799,CN,Hubei Sheng,,Jingmen Shi,google
Buenos Aires ARGENTINA,-34.6036844,-58.3815591,AR,CABA,,CABA,google
Singapore SG,1.2800945,103.8509491,SG,,,Singapore,google
Denver,39.7392358,-104.990251,US,CO,Denver County,Denver,google
Edinburgh UK,55.9541511536,-3.2027699947,United Kingdom,Scotland,,Edinburgh,bing
Miami UNITED STATES,25.774810791,-80.1977310181,United States,FL,,Miami,bing
Reading UK,51.4542645,-0.9781303,GB,England,Reading,Reading,google
Plymouth UK,50.3754565,-4.1426565,GB,England,,Plymouth,google
Warragul AU,-38.1611548,145.9318239,AU,VIC,,Warragul,google
Padua IT,45.4064349,11.8767611,IT,Veneto,PD,Padua,google
New Orleans LA US,29.9510658,-90.0715323,US,LA,Orleans Parish,New Orleans,google
Milwaukee UNITED STATES,43.0389025,-87.9064736,US,WI,Milwaukee County,Milw,google
Garson CA,50.0768614,-96.7042788,CA,MB,Division No. 12,Garson,google
Vienna AUSTRIA,48.2081743,16.3738189,AT,Vienna,,Vienna,google
Saint Louis UNITED STATES,38.6270025,-90.1994042,US,MO,,St Louis,google
Billings MT US,45.7832856,-108.5006904,US,MT,Yellowstone County,Billings,google
Minneapolis MN,44.977753,-93.2650108,US,MN,Hennepin County,Minneapolis,google
Zurich,47.3686498,8.5391825,CH,ZH,Zürich District,Zurich,google
Dallas UNITED STATES,32.7766642,-96.7969879,US,TX,Dallas County,Dallas,google
Los Angeles US,34.0522342,-118.2436849,US,CA,Los Angeles County,LA,google
Slough UNITED KINGDOM,51.5105384,-0.5950406,GB,England,,Slough,google
Winnipeg MB CA,49.8997541,-97.1374937,CA,MB,Division No. 11,Winnipeg,google
Chennai IN,13.0826802,80.2707184,IN,TN,Chennai,Chennai,google
Istanbul TR,41.0082376,28.9783589,TR,İstanbul,,Istanbul,google
Bucharest RO,44.4267674,26.1025384,RO,Bucharest,Bucharest,Bucharest,google
Sydney AUS,-33.8674869,151.2069902,AU,NSW,,Sydney,google
San Jose US,37.3385810852,-121.8855667114,United States,CA,,San Jose,bing
Panama City PANAMA,8.9524002075,-79.5353927612,Panama,Panamá,,Panama City,bing
Toronto CA,43.653226,-79.3831843,CA,ON,Toronto Division,Toronto,google
Ashburn,39.0437567,-77.4874416,US,VA,Loudoun County,Ashburn,google
Singapore SINGAPORE,1.2800945,103.8509491,SG,,,Singapore,google
Sacramento UNITED STATES,38.5815719,-121.4943996,US,CA,Sacramento County,Sacramento,google
Stuttgart GERMANY,48.7758459,9.1829321,DE,BW,Süd,Stuttgart,google
Littleton CO US,39.613321,-105.0166498,US,CO,Arapahoe County,Littleton,google
Hong Kong,22.396428,114.109497,HK,,,,google
Wymeswold UK,52.806001,-1.105156,GB,England,Leicestershire,Wymeswold,google
Stockholm SWEDEN,59.3293235,18.0685808,SE,Stockholm County,Stockholm,Stockholm,google
Calgary AB CA,51.0486151,-114.0708459,CA,AB,Division No. 6,Calgary,google
Austin TX,30.2675895691,-97.7429885864,United States,TX,,Austin,bing
Sydney AU,-33.8674869,151.2069902,AU,NSW,,Sydney,google
NYC NY,40.7127837,-74.0059413,US,NY,,NY,google
Pittsburgh PA US,40.4406248,-79.9958864,US,PA,Allegheny County,Pitts,google
Padova IT,45.4064349,11.8767611,IT,Veneto,PD,Padua,google
New York UNITED STATES,40.7127837,-74.0059413,US,NY,,NY,google
Helsinki FI,60.1733244,24.9410248,FI,Uusimaa,Helsinki,HKI,google
Philadelphia UNITED STATES,39.9525839,-75.1652215,US,PA,Philadelphia County,Philadelphia,google
Sylmar CA US,34.3058279,-118.4571974,US,CA,Los Angeles County,LA,google
Chicago UNITED STATES,41.8781136,-87.6297982,US,IL,Cook County,Chgo,google
Boston UNITED STATES,42.3600825,-71.0588801,US,MA,Suffolk County,Boston,google
Naples IT,40.8476982117,14.2625999451,Italy,Camp.,,Naples,bing
Adelaide AU,-34.9286212,138.5999594,AU,SA,,Adelaide,google
Madrid,40.4167754,-3.7037902,ES,Community of Madrid,M,Madrid,google
Darlington UK,54.52361,-1.559458,GB,England,Darlington,Darlington,google
Glostrup DENMARK,55.669217,12.402144,DK,Capital Region of Denmark,Glostrup Municipality,Glostrup,google
Seattle WA,47.6062095,-122.3320708,US,WA,King County,Seattle,google
Salt Lake City UT US,40.7607793,-111.8910474,US,UT,Salt Lake County,Salt Lake City,google
Southfield MI,42.4733688,-83.2218731,US,MI,Oakland County,Southfield,google
Columbus OH US,39.9611755,-82.9987942,US,OH,Franklin County,Columbus,google
Washington DC,38.9071923,-77.0368707,US,DC,District of Columbia,D.C.,google
Dar es Salaam TA,-6.7835002,39.2032834,TZ,Dar es Salaam,Kinondoni,DSM,google
Hamburg DE,53.5458297729,9.968870163,Germany,HH,,Hamburg,bing
Salt Lake City UT,40.7603111267,-111.8882217407,United States,UT,,Salt Lake City,bing
Seoul KR,37.566535,126.9779692,KR,,,Seoul,google
Solihull UNITED KINGDOM,52.411811,-1.77761,GB,England,West Midlands,Solihull,google
Portland OR US,45.5230622,-122.6764816,US,OR,Multnomah County,Portland,google
London United Kingdom,51.5073509,-0.1277583,GB,,,London,google
Milan IT,45.4654219,9.1859243,IT,Lombardy,MI,Milan,google
Worcester UK,52.193636,-2.221575,GB,England,Worcs,Worcester,google
SaltLake2 UT,40.768424,-111.9008046,US,UT,Salt Lake County,Salt Lake City,google
Malvern UK,52.1366184,-2.3199774,GB,England,Worcs,,google
Baltimore UNITED STATES,39.2903848,-76.6121893,US,MD,,Balt,google
Kharkiv UA,49.9935,36.230383,UA,Kharkiv Oblast,,Kharkiv,google
Barcelona ES,41.375,2.1575899124,Spain,Catalonia,,Barcelona,bing
Oslo NORWAY,59.9122886658,10.75,Norway,Oslo,,Oslo,bing
Melbourne AU,-37.814107,144.96328,AU,VIC,,Melbourne,google
AmsterdamNL,52.3702157,4.8951679,NL,NH,Government of Amsterdam,Amsterdam,google
Atlanta UNITED STATES,33.7489954,-84.3879824,US,GA,Fulton County,Atlanta,google
Memphis TN,35.1495343,-90.0489801,US,TN,Shelby County,Memphis,google
Englewood CO,39.6477653,-104.9877597,US,CO,Arapahoe County,Englewood,google
Fremont CA,37.5482697,-121.9885719,US,CA,Alameda County,Fremont,google
Hobart AU,-42.8819032,147.3238148,AU,TAS,,Hobart,google
Reno NV US,39.5296329,-119.8138027,US,NV,Washoe County,Reno,google
Bradford UK,53.795984,-1.759398,GB,England,West Yorkshire,Bradford,google
Miami,25.7616798,-80.1917902,US,FL,Miami-Dade County,Miami,google
New York NY US 60 Hudson,40.7177206,-74.0086763,US,NY,New York County,NY,google
Pori FIN,10.9746319,-74.8280496,CO,Atlantico,Barranquilla,Barranquilla,google
Burnaby British Columbia CA,49.2488091,-122.9805104,CA,BC,Greater Vancouver,Burnaby,google
Houston UNITED STATES,29.7604267,-95.3698028,US,TX,Harris County,Houston,google
Beaverton OR,45.487062,-122.8037102,US,OR,Washington County,Beaverton,google
Santa Clara CA US,37.3541079,-121.9552356,US,CA,Santa Clara County,Santa Clara,google
Huddersfield UK,53.645792,-1.785035,GB,England,West Yorkshire,Huddersfield,google
Aberdeen UK,57.149717,-2.094278,GB,Scotland,Aberdeen City,Aberdeen,google
Stockholm SE,59.3293235,18.0685808,SE,Stockholm County,Stockholm,Stockholm,google
Chicago IL US,41.8781136,-87.6297982,US,IL,Cook County,Chgo,google
Salt Lake City UNITED STATES,40.7607793,-111.8910474,US,UT,Salt Lake County,Salt Lake City,google
Stuttgart DE,48.7758459,9.1829321,DE,BW,Sud,Stuttgart,google
Jerusalem IL,31.768319,35.21371,IL,Jerusalem District,,,google
LAX Los Angeles CA US,33.9415889,-118.40853,US,CA,Los Angeles County,LA,google
Chennai Madras India,13.0826802,80.2707184,IN,TN,Chennai,Chennai,google
Minneapolis UNITED STATES,44.977753,-93.2650108,US,MN,Hennepin County,Minneapolis,google
Phoenix AZ US,33.4483771,-112.0740373,US,AZ,Maricopa County,Phoenix,google
Los Angeles UNITED STATES,34.0522342,-118.2436849,US,CA,Los Angeles County,LA,google
Brussels BE,50.8503396,4.3517103,BE,Brussels,,Brussels,google
Bromsgrove UK,52.3306999207,-2.0592000484,United Kingdom,England,,Bromsgrove,bing
Durham UK,54.7787017822,-1.5698800087,United Kingdom,England,,Durham,bing
Clichy FRANCE,48.904526,2.304768,FR,IDF,92,Clichy,google
Minneapolis MN US,44.977753,-93.2650108,US,MN,Hennepin County,Minneapolis,google
Small Heath UK,52.474151,-1.855628,GB,England,West Midlands,Birmingham,google
Belfast UK,54.597285,-5.93012,GB,Northern Ireland,Belfast,Belfast,google
Luxembourg LUXEMBOURG,49.611621,6.1319346,LU,Luxembourg,Luxembourg,Luxembourg City,google
Aldershot UK,51.248366,-0.7557509,GB,England,Hants,Aldershot,google
Wolverhampton UK,52.586973,-2.12882,GB,England,West Midlands,Wolverhampton,google
Miami US,25.7616798,-80.1917902,US,FL,Miami-Dade County,Miami,google
Frankfurt,50.1109221,8.6821267,DE,HE,DA,Frankfurt,google
Charlotte NC,35.2270869,-80.8431267,US,NC,Mecklenburg County,Charlotte,google
Rotterdam NETHERLANDS,51.9244201,4.4777325,NL,ZH,Government of Rotterdam,Rotterdam,google
Miami FL US,25.7616798,-80.1917902,US,FL,Miami-Dade County,Miami,google
Las Vegas NV US,36.1699412,-115.1398296,US,NV,Clark County,Las Vegas,google
London GB,51.5073509,-0.1277583,GB,,,London,google
Montreal CA,45.5016889,-73.567256,CA,QC,Montreal,Montreal,google
Tampa US,27.950575,-82.4571776,US,FL,Hillsborough County,Tampa,google
Ipswich UK,52.056736,1.14822,GB,England,Suffk,Ipswich,google
Moncton CA,46.0878165,-64.7782313,CA,NB,Westmorland County,Moncton,google
Vladimir RU,56.1445956,40.4178686,RU,Vladimir Oblast,g. Vladimir,Vladimir,google
Cambridge UK,52.205337,0.121817,GB,England,Cambridgeshire,Cambridge,google
Yarmouth UK,52.598233,1.728047,GB,England,Norfk,Yarmouth,google
Milton Keynes UK,52.0406224,-0.7594171,GB,England,Milton Keynes,Milton Keynes,google
Bordeaux FR,44.837789,-0.57918,FR,Aquitaine,33,Bordeaux,google
Reston VA US,38.9596786499,-77.3545379639,United States,VA,,Reston,bing
Madison WI US,43.0424690247,-89.403968811,United States,WI,,Madison,bing
Tampa UNITED STATES,27.950575,-82.4571776,US,FL,Hillsborough County,Tampa,google
London UK,51.5073509,-0.1277583,GB,,,London,google
Munich DE,48.1351253,11.5819806,DE,BY,Upper Bavaria,M,google
Delta CA,40.9443161,-122.4247355,US,CA,Shasta County,Delta,google
VSIX Padua IT,45.4064349,11.8767611,IT,Veneto,PD,Padua,google
Eugene OR US,44.0520691,-123.0867536,US,OR,Lane County,Eugene,google
Anaheim UNITED STATES,33.8352932,-117.9145036,US,CA,Orange County,Anaheim,google
Newcastle Upon Tyne UK,54.978252,-1.61778,GB,England,T & W,Newcastle upon Tyne,google
Leigh UNITED KINGDOM,53.496115,-2.518727,GB,England,Gt Man,Leigh,google
Bari IT 01,39.8886152,18.3306654,IT,Puglia,LE,Alessano,google
Toronto ON CA,43.653226,-79.3831843,CA,ON,Toronto Division,Toronto,google
Caracas Venezuela,10.4696404,-66.8037185,VE,Dto. Capital,Libertador,CCS,google
New York,40.7127837,-74.0059413,US,NY,,NY,google
Boca Raton FL US,26.3683064,-80.1289321,US,FL,Palm Beach County,Boca Raton,google
Columbus OH,39.9611755,-82.9987942,US,OH,Franklin County,Columbus,google
Chicago IL,41.8781136,-87.6297982,US,IL,Cook County,Chgo,google
Ludlow UK,52.367749,-2.7139129,GB,England,Shrops,Ludlow,google
Stockton on Tees UK,54.5704551,-1.3289821,GB,England,Stockton-on-Tees,Stockton-on-Tees,google
London England,51.5073509,-0.1277583,GB,,,London,google
San Jose CA US,37.3382082,-121.8863286,US,CA,Santa Clara County,San Jose,google
Marghera Venice IT,45.491794,12.245851,Italy,Ven.,,Mestre,bing
Dublin IE,53.3498053,-6.2603097,IE,Dublin,Dublin City,Dublin,google
Birmingham UK,52.486243,-1.890401,GB,England,West Midlands,Birmingham,google
Toronto CANADA,43.653226,-79.3831843,CA,ON,Toronto Division,Toronto,google
Bologna IT,44.494887,11.3426163,IT,Emilia-Romagna,BO,Bologna,google
Sao Paulo Brazil,-23.5505199,-46.6333094,BR,SP,São Paulo,São Paulo,google
Caracas VE,10.4696404,-66.8037185,VE,Dto. Capital,Libertador,CCS,google
Leeds UK,53.8007554,-1.5490774,GB,England,West Yorkshire,Leeds,google
Dallas TX US,32.7766642,-96.7969879,US,TX,Dallas County,Dallas,google
Ultimo AUSTRALIA,-33.8837333,151.2020339,AU,NSW,,Ultimo,google
Transit Brisbane AU,-27.4665721,153.019608,AU,QLD,,Brisbane,google
Kansas City UNITED STATES,39.1029510498,-94.5830764771,United States,MO,,Kansas City,bing
Limassol,34.7071301,33.0226174,CY,Limassol,,Limassol,google
Hamburg GERMANY,53.5510846,9.9936818,DE,HH,,Hamburg,google
Rochester UNITED STATES,43.16103,-77.6109219,US,NY,Monroe County,Rochester,google
München DE,48.139099,11.5145,Germany,BY,,Munich,bing
Ashburn UNITED STATES,39.0437567,-77.4874416,US,VA,Loudoun County,Ashburn,google
Los Angeles CA US,34.0522342,-118.2436849,US,CA,Los Angeles County,LA,google
Madrid ES,40.4167754,-3.7037902,ES,Community of Madrid,M,Madrid,google
Antwerp BELGIUM,51.2194475,4.4024643,BE,Flanders,AN,Antwerp,google
Prague CZ,50.0755381,14.4378005,CZ,Hlavní město Praha,Hlavní město Praha,Prague,google
Pretoria SA,-25.7963268,28.306312,ZA,GP,Pretoria,Pretoria,google
Kansas City MO US,39.0997265,-94.5785667,US,MO,Jackson County,KCMO,google
Amsterdam,52.3306999207,4.8665399551,Netherlands,North Holland,,Amsterdam,bing
Sefton UK,53.503445,-2.970359,GB,England,Mersyd,Sefton,google
Kiev,50.4501,30.5234,UA,Kyiv city,Kyiv City,Kyiv,google
Helsinki FINLAND,60.1733244,24.9410248,FI,Uusimaa,Helsinki,HKI,google
Paris,48.856614,2.3522219,FR,IDF,75,Paris,google
Trento IT,46.0747793,11.1217486,IT,Trentino-Alto Adige/South Tyrol,TN,TN,google
Auckland NZ,-36.8484597,174.7633315,NZ,Auckland,Auckland,Auckland,google
Paris FRANCE,48.856614,2.3522219,FR,IDF,75,Paris,google
Al Khobar SA,26.2171906,50.1971381,SA,Eastern Province,,Al Khobar,google
Atlanta GA US,33.7489954,-84.3879824,US,GA,Fulton County,Atlanta,google
Ware UK,51.810437,-0.028177,GB,England,Hertfordshire,Ware,google
Dublin IRELAND,53.3330993652,-6.2488899231,Ireland,Leinster,,Dublin,bing
Stafford UK,52.8056983948,-2.1247699261,United Kingdom,England,,Stafford,bing
Jacksonville US,30.3321838,-81.655651,US,FL,Duval County,Jacksonville,google
Hong Kong HK,22.396428,114.109497,HK,,,,google
Berlin GERMANY,52.5200066,13.404954,DE,Berlin,,Berlin,google
Brisbane AU,-27.4710107,153.0234489,AU,QLD,,Brisbane,google
Smyrna GA,33.8839926,-84.5143761,US,GA,Cobb County,Smyrna,google
Jeddah SA,21.2854067,39.2375507,SA,Makkah Province,,Jeddah,google
Exeter UK,50.718412,-3.533899,GB,England,Devon,Exeter,google
Boston MA US,42.3600825,-71.0588801,US,MA,Suffolk County,Boston,google
Vancouver BC CA,49.2827291,-123.1207375,CA,BC,Greater Vancouver,Vancouver,google
Spokane WA,47.6587802,-117.4260466,US,WA,Spokane County,Spokane,google
Bradshaw UK,53.7670211792,-1.8841700554,United Kingdom,England,,Halifax,bing
Palo Alto CA US,37.4418834,-122.1430195,US,CA,Santa Clara County,Palo Alto,google
Manchester UK,53.4807593,-2.2426305,GB,England,Gt Man,Manchester,google
Zagreb HR,45.8150108,15.981919,HR,City of Zagreb,,Zagreb,google
HongKong CN,22.2783151,114.174695,HK,,,Hong Kong,google
Florence IT,43.7695604,11.2558136,IT,Tuscany,FI,Florence,google
Middlesbrough UK,54.574227,-1.234956,GB,England,Middlesbrough,Middlesbrough,google
Denver UNITED STATES,39.7392358,-104.990251,US,CO,Denver County,Denver,google
Los Angeles,34.0522342,-118.2436849,US,CA,Los Angeles County,LA,google
Southfield UNITED STATES,42.4733688,-83.2218731,US,MI,Oakland County,Southfield,google
Denver CO US,39.7392358,-104.990251,US,CO,Denver County,Denver,google
Basingstoke Hampshire UNITED KINGDOM,51.26256,-1.08233,United Kingdom,England,Hampshire,Basingstoke,yahoo
Phoenix AZ,33.4483771,-112.0740373,US,AZ,Maricopa County,Phoenix,google
Kidderminster UK,52.388596,-2.2496839,GB,England,Worcs,Kidderminster,google
LA CA,34.0522342,-118.2436849,US,CA,Los Angeles County,LA,google
Nashville TN,36.1626638,-86.7816016,US,TN,Davidson County,Nashville,google
Ashburn VA US,39.0437567,-77.4874416,US,VA,Loudoun County,Ashburn,google
Dusseldorf DE,51.2277411,6.7734556,DE,NRW,Düsseldorf,Düsseldorf,google
Tampa FL,27.950575,-82.4571776,US,FL,Hillsborough County,Tampa,google
Nottingham UNITED KINGDOM,52.9547832,-1.1581086,GB,England,Notts,Nottingham,google
Washington UNITED STATES,38.9071923,-77.0368707,US,DC,District of Columbia,D.C.,google
Telford UK,52.678419,-2.445258,GB,England,Telford and Wrekin,Telford,google
Amsterdam NETHERLANDS,52.3306999207,4.8665399551,Netherlands,North Holland,,Amsterdam,bing
Boise ID US,43.6069793701,-116.1934127808,United States,ID,,Boise,bing
Mexico City MX,19.4326077,-99.133208,MX,D.F.,,México D.F.,google
Alexandria EG,31.2000924,29.9187387,EG,Alexandria Governorate,,Alexandria,google
Chuo ku Tokyo JAPAN,35.6706505,139.7718614,JP,Tokyo,,Chuo,google
Transit Adelaide AU,-34.945413,138.5489782,AU,SA,,Adelaide,google
Montreal QC CA,45.5016889,-73.567256,CA,QC,Montreal,Montreal,google
Dubai UAE,25.2048493,55.2707828,AE,Dubai,,Dubai,google
Trivandrum IN,8.5241391,76.9366376,IN,KL,TVM,TVM,google
Tallinn EE,59.4369608,24.7535746,EE,Harju County,Tallinna linn,Tallinn,google
Nuremberg DE,49.45203,11.07675,DE,BY,Middle Franconia,Nord,google
Chicago,41.8781136,-87.6297982,US,IL,Cook County,Chgo,google
Valencia ES,38.2441,-7.11966,Spain,Estremadura,,Valencia del Mombuey,bing
Santiago CHILE,-33.4488897,-70.6692655,CL,Santiago Metropolitan Region,Santiago Province,Stgo,google
Cairo EG,30.0444196,31.2357116,EG,Cairo Governorate,,Cairo,google
Miami FL,25.7616798,-80.1917902,US,FL,Miami-Dade County,Miami,google
Norwich UK,52.6308859,1.297355,GB,England,Norfk,Norwich,google
Toronto,43.653226,-79.3831843,CA,ON,Toronto Division,Toronto,google
Tokyo,35.6894875,139.6917064,JP,Tokyo,,,google
Pittsburgh UNITED STATES,40.4406248,-79.9958864,US,PA,Allegheny County,Pitts,google
Oxford UK,51.7520209,-1.2577263,GB,England,Oxfordshire,Oxford,google
Washington DC US,38.9071923,-77.0368707,US,DC,District of Columbia,D.C.,google
Transit Melbourne AU,-37.8428036,144.696316,AU,VIC,,Tarneit,google
Seattle US,47.6035690308,-122.3294525146,United States,WA,,Seattle,bing
London UNITED KINGDOM,51.5064201355,-0.1272100061,United Kingdom,England,,London,bing
Dallas US,32.7766642,-96.7969879,US,TX,Dallas County,Dallas,google
Buffalo NY,42.8864468,-78.8783689,US,NY,Erie County,Buffalo,google
Bogota COLUMBIA,4.7109886,-74.072092,CO,Bogota,,Bogota,google
Athens GR,37.983917,23.7293599,GR,Attica,Attica,Athens,google
Kansas City US,39.0997265,-94.5785667,US,MO,Jackson County,KCMO,google
Princeton NJ US,40.3572976,-74.6672226,US,NJ,Mercer County,Princeton,google
Slough UK,51.5105384,-0.5950406,GB,England,,Slough,google
Budapest HU,47.497912,19.040235,HU,Budapest,Budapest,Bp,google
Perth AU,-31.9535132,115.8570471,AU,WA,,Perth,google
Bournemouth UK,50.719164,-1.880769,GB,England,Bournemouth,Bournemouth,google
Sao Paulo BRAZIL,-23.5505199,-46.6333094,BR,SP,São Paulo,São Paulo,google
Barleben DE,52.2018844,11.6196372,DE,SA,,Barleben,google
Southport GB,53.645708,-3.010113,GB,England,Mersyd,Southport,google
Boston MA,42.3600825,-71.0588801,US,MA,Suffolk County,Boston,google
Charlotte NC US,35.2270869,-80.8431267,US,NC,Mecklenburg County,Charlotte,google
Transit Sydney AU,-33.893208,150.613269,AU,NSW,,Silverdale,google
Denver US,39.7392358,-104.990251,US,CO,Denver County,Denver,google
Bratislava SK,48.1458923,17.1071373,SK,Bratislava Region,,Bratislava,google
Sofia BG,42.6781921387,23.3990440369,Bulgaria,Sofia City,,,bing
San Francisco US,37.7771186829,-122.4196395874,United States,CA,,San Francisco,bing
Munich Germany,48.1351253,11.5819806,DE,BY,Upper Bavaria,M,google
Chicago US,41.8781136,-87.6297982,US,IL,Cook County,Chgo,google
ASH Ashburn VA US,39.0068355,-77.4035305,US,VA,Loudoun County,Sterling,google
Rochester MN US,44.0121221,-92.4801989,US,MN,Olmsted County,Rochester,google
Oslo NO,59.9138688,10.7522454,NO,Oslo,,Oslo,google
Amsterdam NL,52.3702157,4.8951679,NL,NH,Government of Amsterdam,Amsterdam,google
Nicosia,35.1855659,33.3822764,,Cyprus,,Nicosia,google
Zurich CH,47.3686498,8.5391825,CH,ZH,Zürich District,Zurich,google
Bahrain,26.0667,50.5577,BH,,,,google
Sunderland UK,54.906869,-1.383801,GB,England,T & W,Sunderland,google
York UK,53.945098877,-1.0792499781,United Kingdom,England,,York,bing
Leeds UNITED KINGDOM,53.7747993469,-1.5507700443,United Kingdom,England,,Leeds,bing
Solothurn CH,47.2086574,7.5379549,CH,Südost,Solothurn,Solothurn,google
Sao Cristavao Rio de Janeiro BRAZIL,-22.8982426,-43.2189006,BR,RJ,Rio de Janeiro,Rio de Janeiro,google
Saint George UT,37.0965278,-113.5684164,US,UT,Washington County,St. George,google
Volgograd RU,48.708048,44.5133034,RU,Volgograd Oblast,g. Volgograd,Volgograd,google
Newark NJ US,40.735657,-74.1723667,US,NJ,Essex County,Newark,google
Stanford CA US,37.424106,-122.1660756,US,CA,Santa Clara County,Stanford,google
Lowdham UK,53.011393,-1.005986,GB,England,Nottinghamshire,Lowdham,google
Parsippany NJ US,40.8652865,-74.4173877,US,NJ,Morris County,Parsippany-Troy Hills,google
Brasilia DF BR,-15.7942287,-47.8821658,BR,DF,Brasilia,Brasília,google
Paris FR,48.856614,2.3522219,FR,IDF,75,Paris,google
Moscow RU,55.755826,37.6173,RU,Moscow,g. Moskva,Moscow,google
Bridgeton MO US,38.7669954,-90.4115057,US,MO,St Louis County,Bridgeton,google
Houston TX,29.7604267,-95.3698028,US,TX,Harris County,Houston,google
Venice IT,45.4408474,12.3155151,IT,Veneto,VE,Venice,google
SanDiego CA,32.715738,-117.1610838,US,CA,San Diego County,San Diego,google
Frankfurt DE,50.1109221,8.6821267,DE,HE,DA,Frankfurt,google
Doha QAT,25.368611,51.551583,QA,,,Doha,google
Redwood City CA US,37.4852152,-122.2363548,US,CA,San Mateo County,Redwood City,google
Phoenix UNITED STATES,33.4483771,-112.0740373,US,AZ,Maricopa County,Phoenix,google
Stonehenge UK,51.1788823,-1.8262155,GB,England,Wiltshire,Amesbury,google
Quito ECUADOR,-0.1806532,-78.4678382,EC,Pichincha,Distrito Metropolitano de Quito,Quito,google
Ulaanbaatar MN,47.8863988,106.9057439,MN,Ulaanbaatar,Khan-Uul,Ulaanbaatar,google
Berlin DE,52.5200066,13.404954,DE,Berlin,,Berlin,google
Miami Florida US,25.7616798,-80.1917902,US,FL,Miami-Dade County,Miami,google
Vienna,48.2081743,16.3738189,AT,Vienna,,Vienna,google
MarylandHeights MO,38.7131073,-90.4298401,US,MO,St Louis County,Maryland Heights,google
Singapore,1.352083,103.819836,SG,,,,google
New York US,40.7127837,-74.0059413,US,NY,,NY,google
Frankfurt2 HE DE,50.1109221,8.6821267,DE,HE,DA,Frankfurt,google
Tokyo JP,35.6894875,139.6917064,JP,Tokyo,,,google
Minneapolis US,44.977753,-93.2650108,US,MN,Hennepin County,Minneapolis,google
Geneve CH,46.1983922,6.1422961,CH,GE,Genève,Geneva,google
Bristol UK,51.4537887573,-2.5916800499,United Kingdom,England,,Bristol,bing
Palo Alto UNITED STATES,37.4418834,-122.1430195,US,CA,Santa Clara County,Palo Alto,google
Madrid SPAIN,40.4167754,-3.7037902,ES,Community of Madrid,M,Madrid,google
SantaAna CA,33.7455731,-117.8678338,US,CA,Orange County,Santa Ana,google
Taipei TW,25.0329694,121.5654177,TW,,,Taipei,google
Glasgow UK,55.864237,-4.251806,GB,Scotland,Glasgow City,Glasgow,google
Coventry UK,52.406822,-1.519693,GB,England,West Midlands,Coventry,google
Philadelphia US,39.9525839,-75.1652215,US,PA,Philadelphia County,Philadelphia,google
Bern CH,46.9479222,7.4446085,CH,BE,Bern,Bern,google
Sacramento US,38.5815719,-121.4943996,US,CA,Sacramento County,Sacramento,google
Taunton UK,51.015344,-3.106849,GB,England,Somset,Taunton,google
Belluno IT,46.1422996521,12.2142000198,Italy,Ven.,,Belluno,bing
Lisbon PT,38.7222524,-9.1393366,PT,Lisbon,,Lisbon,google
Dallas,32.7766642,-96.7969879,US,TX,Dallas County,Dallas,google
Fremont CA US,37.5482697,-121.9885719,US,CA,Alameda County,Fremont,google
Ashburn US,39.0437567,-77.4874416,US,VA,Loudoun County,Ashburn,google
Charlotte UNITED STATES,35.2270869,-80.8431267,US,NC,Mecklenburg County,Charlotte,google
Erdington UK,52.5232441,-1.852925,GB,England,West Midlands,Birmingham,google
Rancho Cordova CA US,38.5890723,-121.302728,US,CA,Sacramento County,Rancho Cordova,google
Harwich UK,51.934731,1.260297,GB,England,Essex,Harwich,google
Frankfurt GERMANY,50.1109221,8.6821267,DE,HE,DA,Frankfurt,google
Cheltenham UK,51.8993855,-2.0782533,GB,England,Gloucestershire,Cheltenham,google
Dallas TX,32.7781486511,-96.7954025269,United States,TX,,Dallas,bing
Mumbai IN,19.0759837,72.8776559,IN,MH,Mumbai,Mumbai,google
Povegliano Treviso IT,45.7587033,12.2088238,IT,Veneto,TV,Povegliano,google
Hull UK,53.7456709,-0.3367413,GB,England,,Kingston upon Hull,google
Bath UK,51.375801,-2.3599039,GB,England,Bath and North East Somerset,Bath,google
Rimouski Quebec CA,48.3729471,-68.5218905,CA,QC,Rimouski-Neigette,Rimouski,google
Sunnyvale UNITED STATES,37.36883,-122.0363496,US,CA,Santa Clara County,Sunnyvale,google
San Diego UNITED STATES,32.715738,-117.1610838,US,CA,San Diego County,San Diego,google
Nashville TN US,36.1626638,-86.7816016,US,TN,Davidson County,Nashville,google
San Jose UNITED STATES,37.3382082,-121.8863286,US,CA,Santa Clara County,San Jose,google
Vienna AT,48.2081743,16.3738189,AT,Vienna,,Vienna,google
Sao Paulo BR,-23.5628395081,-46.6546401978,Brazil,SP,,Sao Paulo,bing
Atlanta US,33.7489954,-84.3879824,US,GA,Fulton County,Atlanta,google
Milano ITALY,45.4654219,9.1859243,IT,Lombardy,MI,Milan,google
New York NY US 111 8th,40.73049,-73.992178,US,NY,New York County,NY,google
St Louis MO,38.6270025,-90.1994042,US,MO,,St Louis,google
Newark NJ,40.735657,-74.1723667,US,NJ,Essex County,Newark,google
Shrewsbury UK,52.7073029,-2.7553268,GB,England,Shrops,Shrewsbury,google
San Diego US,32.715738,-117.1610838,US,CA,San Diego County,San Diego,google
Indianapolis IN US,39.768403,-86.158068,US,IN,Marion County,Indianapolis,google
Minas Gerais BR,-18.512178,-44.5550308,BR,MG,,,google
Velikiy Novgorod RU,58.5255698,31.2741928,RU,Novgorod Oblast,g. Velikiy Novgorod,Veliky Novgorod,google
AMS Amsterdam Netherlands,52.3731,4.89329,Netherlands,North Holland,Amsterdam,Amsterdam,yahoo
Philadelphia PA,39.9525839,-75.1652215,US,PA,Philadelphia County,Philadelphia,google
Cleveland OH,41.49932,-81.6943605,US,OH,Cuyahoga County,Cleve,google
San Francisco CA US,37.7749295,-122.4194155,US,CA,San Francisco County,SF,google
Seattle UNITED STATES,47.6062095,-122.3320708,US,WA,King County,Seattle,google
Zlin,49.2244365,17.6627635,CZ,Zlin Region,Zlín District,Zlin,google
Peterborough UK,52.5694985,-0.2405299,GB,England,,Peterborough,google
Atlanta GA,33.7489954,-84.3879824,US,GA,Fulton County,Atlanta,google
Roseville CA,38.7521235,-121.2880059,US,CA,Placer County,Roseville,google
Indianapolis UNITED STATES,39.768403,-86.158068,US,IN,Marion County,Indianapolis,google
Hereford UK,52.056398,-2.715974,GB,England,Herefordshire,Hereford,google
Kirkcaldy UK,56.1168249,-3.158137,GB,Scotland,Fife,Kirkcaldy,google
Cleveland UNITED STATES,41.49932,-81.6943605,US,OH,Cuyahoga County,Cleve,google
Boston US,42.3600825,-71.0588801,US,MA,Suffolk County,Boston,google
Copenhagen DK,55.6760968,12.5683371,DK,Capital Region of Denmark,København,kbh,google
Moscow,55.755826,37.6173,RU,Moscow,g. Moskva,Moscow,google
El Segundo CA US,33.9191799,-118.4164652,US,CA,Los Angeles County,El Segundo,google
Rancho Cordova CA,38.5890723,-121.302728,US,CA,Sacramento County,Rancho Cordova,google
Slough GB,51.5105384,-0.5950406,GB,England,,Slough,google
Pittsburgh PA,40.4406248,-79.9958864,US,PA,Allegheny County,Pitts,google
Nikolaev UA,46.975033,31.994583,UA,Mykolaivs'ka oblast,,Mykolaiv,google
Ufa RU,54.7387621,55.9720554,RU,Republic of Bashkortostan,Ufimsky District,Ufa,google
Tampere FIN,61.5066806,23.8136065,FI,,,,google
Madrid Spain,40.4167754,-3.7037902,ES,Community of Madrid,M,Madrid,google
Paris France,48.856614,2.3522219,FR,IDF,75,Paris,google
Bangkok TH,13.7563309,100.5017651,TH,,,Bangkok,google
Kuala Lumpur MY,3.139003,101.686855,MY,Federal Territory of Kuala Lumpur,,Kuala Lumpur,google
Santa Clara CA,37.3541079,-121.9552356,US,CA,Santa Clara County,Santa Clara,google
Stockholm Telecity Sweden,59.3293235,18.0685808,SE,Stockholm County,Stockholm,Stockholm,google
Cleveland OH US,41.49932,-81.6943605,US,OH,Cuyahoga County,Cleve,google
Poznan PL,52.406374,16.9251681,PL,Greater Poland Voivodeship,Poznań County,Poznań,google
Seoul South Korea,37.566535,126.9779692,KR,,,Seoul,google
Dhaka BD,23.810332,90.4125181,BD,Dhaka Division,Dhaka,Dhaka,google
Barataria LA US,29.7232665,-90.1236852,US,LA,Jefferson Parish,Barataria,google
Wellington NZ,-41.2864603,174.776236,NZ,Wellington,Wellington City,Wellington,google
Harrisburg PA,40.2731911,-76.8867008,US,PA,Dauphin County,Harrisburg,google
St Petersburg RU,59.9342802,30.3350986,RU,Saint Petersburg,g. Sankt-Peterburg,СПБ,google
Stockton CA,37.9577016,-121.2907796,US,CA,San Joaquin County,Stockton,google
Toulouse France,43.604652,1.444209,FR,Midi-Pyrénées,31,Toulouse,google
Luxemburg Luxemburg,49.611621,6.1319346,LU,Luxembourg,Luxembourg,Luxembourg City,google
Maputo MOZ,-25.9752169,32.5929498,MZ,Cidade de Maputo,,Maputo,google
Seixal PT,38.6410676,-9.0975,PT,Setúbal,,Seixal,google
Las Vegas NV,36.1699412,-115.1398296,US,NV,Clark County,Las Vegas,google
Reston VA,38.9586307,-77.3570028,US,VA,Fairfax County,Reston,google
Hong Kong CN,22.2783151,114.174695,HK,,,Hong Kong,google
Kathmandu NP,27.7172453,85.3239605,NP,Central Region,Bagmati,Kathmandu,google
Solonka UKR,49.748840332,24.0135498047,Ukraine,Lviv,,Solonka,bing
San Diego CA,32.715738,-117.1610838,US,CA,San Diego County,San Diego,google
Wichita KS,37.6871761,-97.330053,US,KS,Sedgwick County,Wichita,google
Sofia Bulgaria,42.6977082,23.3218675,BG,Sofia-city,Sofia,Sofia,google
Cheyenne WY,41.1399814,-104.8202462,US,WY,Laramie County,Cheyenne,google
Bucharest Romania,44.4267674,26.1025384,RO,Bucharest,Bucharest,Bucharest,google
Manama BH,26.2285161,50.5860497,BH,,,Manama,google
Manila PH,14.5995124,120.9842195,PH,NCR,,Manila,google
Dusseldorf Germany,51.2277411,6.7734556,DE,NRW,Düsseldorf,Düsseldorf,google
Lake Cowichan CA,48.8258118,-124.054167,CA,BC,Cowichan Valley,Lake Cowichan,google
Louisville KY,38.2526647,-85.7584557,US,KY,Jefferson County,Louisville,google
Chelyabinsk RU,55.1644419,61.4368431,RU,Chelyabinsk Oblast,g. Chelyabinsk,Chelyabinsk,google
Muscat OMN,23.58589,58.4059227,OM,Muscat Governorate,,Muscat,google
Riga LV,56.9496487,24.1051864,LV,Rīgas pilsēta,Rīgas pilsēta,Rīga,google
Riga LVA,56.9496487,24.1051864,LV,Rīgas pilsēta,Rīgas pilsēta,Rīga,google
V Novgorod RU,58.5255698,31.2741928,RU,Novgorod Oblast,g. Velikiy Novgorod,Veliky Novgorod,google
San Francisco CA,37.7749295,-122.4194155,US,CA,San Francisco County,SF,google
Monaco,43.7384176,7.4246158,MC,,,,google
Medellin Colombia,6.2530408,-75.5645737,CO,Antioquia,Medellín,Medellin,google
Cochin IN,9.9312328,76.2673041,IN,KL,EKM,Kochi,google
Tuckerton NJ,39.603174,-74.340145,US,NJ,Ocean County,Tuckerton,google
Los Angeles CA,34.0522342,-118.2436849,US,CA,Los Angeles County,LA,google
Rialto CA,34.1064001,-117.3703235,US,CA,San Bernardino County,Rialto,google
Brunei Darussalam BN,4.535277,114.727669,BN,,,,google
Frankfurt Frankfurt DE,50.0379326,8.5621518,DE,HE,DA,Frankfurt,google
Frankfurt Germany,50.1109221,8.6821267,DE,HE,DA,Frankfurt,google
Djibouti Djibouti,11.5720765,43.1456475,DJ,Djibouti,,Djibouti,google
Windhoek NA,-22.5608807,17.0657549,NA,Khomas,,Windhoek,google
Rome Italy,41.9027835,12.4963655,IT,Lazio,RM,Rome,google
Amsterdam NL AMS2,52.3445413,4.8252987,NL,NH,Government of Amsterdam,Amsterdam,google
Palo Alto US,37.4418834,-122.1430195,US,CA,Santa Clara County,Palo Alto,google
Kigali RW,-1.9578755,30.112735,RW,Kigali,,Kigali,google
Beirut LB,33.8886289,35.4954794,LB,Beirut,Beirut,Beirut,google
Burlington VT,44.4758825,-73.212072,US,VT,Chittenden County,Burlington,google
Tacoma WA,47.2528768,-122.4442906,US,WA,Pierce County,Tacoma,google
Kingston JM,18.0423274,-76.8028933,JM,,,Kingston,google
Oslo Norway,59.9138688,10.7522454,NO,Oslo,,Oslo,google
CABASE Neuquen Neuquen AR,-38.9516784,-68.0591888,AR,Neuquen,Confluencia Department,Neuquen,google
Voronezh RU,51.6678009033,39.2069091797,Russia,Voronezh,,Voronezh,bing
Fort Myers FL,26.640628,-81.8723084,US,FL,Lee County,Fort Myers,google
Richmond VA,37.5407246,-77.4360481,US,VA,,Richmond,google
Harrison NJ,40.7464901,-74.1562551,US,NJ,Hudson County,Harrison,google
Piti GU,13.4456219,144.6917883,GU,,,Piti,google
Tyumen RU,57.1612975,65.5250172,RU,Tyumen Oblast,g. Tyumen',Tyumen,google
Jeddah Saudi Arabia,21.2854067,39.2375507,SA,Makkah Province,,Jeddah,google
Montreal Canada,45.5016889,-73.567256,CA,QC,Montreal,Montreal,google
Cape Town South Africa,-33.9248685,18.4240553,ZA,WC,Cape Town,Cape Town,google
Hamburg Germany,53.5510846,9.9936818,DE,HH,,Hamburg,google
Dublin Ireland,53.3498053,-6.2603097,IE,Dublin,Dublin City,Dublin,google
Laurentides CA,45.8574989,-73.7555481,CA,QC,Montcalm Regional County Municipality,Saint-Lin-Laurentides,google
Houston TX US,29.7604267,-95.3698028,US,TX,Harris County,Houston,google
Samara RU,53.2415041,50.2212463,RU,Samara Oblast,g. Samara,Samara,google
Krakov PL,50.0646501,19.9449799,PL,Lesser Poland Voivodeship,Kraków County,Kraków,google
Scranton PA,41.408969,-75.6624122,US,PA,Lackawanna County,Scranton,google
Costa Rica San Jose CR,9.9280694,-84.0907246,CR,San Jose,,San Jose,google
Novosibirsk RU,55.0083526,82.9357327,RU,Novosibirsk Oblast,g. Novosibirsk,Novosibirsk,google
Millbrook ON CA,44.15055,-78.4488677,CA,ON,Peterborough County,Millbrook,google
New York NY,40.7127837,-74.0059413,US,NY,,NY,google
Budapest Hungary,47.497912,19.040235,HU,Budapest,Budapest,Bp,google
Raleigh NC,35.7855110168,-78.6426696777,United States,NC,,Raleigh,bing
Cologne DE,50.937531,6.9602786,DE,NRW,K,Cologne,google
Cheboksary RU,56.1167663,47.262782,RU,Chuvashia Republic,g. Cheboksary,Cheboksary,google
Lagos Lagos NG,6.5243793,3.3792057,NG,Lagos,,Lagos,google
Torino IT,45.070312,7.6868565,IT,Piedmont,TO,Turin,google
Lyon France,45.764043,4.835659,FR,RA,69,Lyon,google
Toronto Canada,43.653226,-79.3831843,CA,ON,Toronto Division,Toronto,google
Palo Alto CA,37.4418834,-122.1430195,US,CA,Santa Clara County,Palo Alto,google
Osaka JP,34.6937378,135.5021651,JP,Osaka Prefecture,,Osaka,google
HongKong HK,22.396428,114.109497,HK,,,,google
Belgorod RU,50.5997134,36.5982621,RU,Belgorod Oblast,g. Belgorod,Belgorod,google
Bilbao ES,43.2560997009,-2.9078400135,Spain,Basque Country,,Bilbao,bing
North Lenexa KS,39.0262565613,-94.6725997925,United States,KS,,Mission,bing
Nairobi KE,-1.2920659,36.8219462,KE,Nairobi,,Nairobi,google
Kansas City KS,39.114053,-94.6274636,US,KS,Wyandotte County,Kansas City,google
Tallinn EST,59.4342352,24.7510581,EE,Harju maakond,Tallinna linn,Tallinn,google
Pearl City HI,21.3972222,-157.9733333,US,HI,Honolulu County,Pearl City,google
Tula RU,54.204836,37.6184915,RU,Tula Oblast,g. Tula,Tula,google
Valencia Spain,39.4699075,-0.3762881,ES,Valencian Community,V,Valencia,google
Barcellona Spain,41.3850639,2.1734035,ES,CT,B,Barcelona,google
Manchester England,53.4807593,-2.2426305,GB,England,Gt Man,Manchester,google
Ft Worth TX,32.7554883,-97.3307658,US,TX,Tarrant County,Fort Worth,google
Highbridge GB,51.2249769,-2.9780325,GB,England,Somset,Highbridge,google
Uzhgorod UA,48.6260299683,22.2848091125,Ukraine,Zakarpattya,,Uzhhorod,bing
Tustin CA,33.7458511,-117.826166,US,CA,Orange County,Tustin,google
Lyon FR,45.764043,4.835659,FR,RA,69,Lyon,google
Omaha NE,41.2523634,-95.9979883,US,NE,Douglas County,Omaha,google
Lviv UA,49.839683,24.029717,UA,Lviv Oblast,,Lviv,google
Syracuse NY,43.0481221,-76.1474244,US,NY,Onondaga County,Syracuse,google
La Paz BO,-16.489689,-68.1192936,BO,La Paz Department,,Nuestra Señora de La Paz,google
Irkutsk RU,52.2869741,104.3050183,RU,Irkutsk Oblast,g. Irkutsk,Irkutsk,google
Oroville CA,39.5137752,-121.556359,US,CA,Butte County,Oroville,google
Krasnodar RU,45.0392674,38.987221,RU,Krasnodar Krai,g. Krasnodar,Krasnodar,google
CABASE Buenos Aires AR,-34.6036844,-58.3815591,AR,CABA,,CABA,google
Detroit MI,42.3316802979,-83.047996521,United States,MI,,Detroit,bing
Riyadh SA,24.7494029,46.9028375,SA,Riyadh Province,,Riyadh,google
Vancouver CA,49.2827291,-123.1207375,CA,BC,Greater Vancouver,Vancouver,google
Springfield MA,42.1014831,-72.589811,US,MA,Hampden County,Springfield,google
Helsinki FIN,60.1733244,24.9410248,FI,Uusimaa,Helsinki,HKI,google
Ashburn VA,39.0437567,-77.4874416,US,VA,Loudoun County,Ashburn,google
Tunis TN,36.8064948,10.1815316,TN,Tunis,Médina de Tunis,Tunis,google
Rio De Janeiro Brazil,-22.9068467,-43.1728965,BR,RJ,Rio de Janeiro,Rio de Janeiro,google
Cincinnati OH,39.1031182,-84.5120196,US,OH,Hamilton County,Cin,google
Geneva Switzerland,46.1983922,6.1422961,CH,GE,Genève,Geneva,google
Sydney Australia,-33.8674869,151.2069902,AU,NSW,,Sydney,google
Nuremburg DE,49.45203,11.07675,DE,BY,Middle Franconia,Nord,google
Dnepropetrovsk UA,48.464717,35.046183,UA,Dnipropetrovsk Oblast,,Dnepropetrovsk,google
Kamensk Shaht  RU,48.29862,40.2436,Russia,Southern Federal District,Rostov Oblast,Kamensk-Shakhtinskiy,yahoo
Ankara TR,39.9333635,32.8597419,TR,Ankara,,Ankara,google
Fairfax SC,32.9590482,-81.236495,US,SC,Allendale County,Fairfax,google
McAllen TX US,26.2034071,-98.2300124,US,TX,Hidalgo County,McAllen,google
Milpitas CA US,37.4323341,-121.8995741,US,CA,Santa Clara County,Milpitas,google
Mexico DF MX,19.4326077,-99.133208,MX,D.F.,,México D.F.,google
Portland OR,45.5230622,-122.6764816,US,OR,Multnomah County,Portland,google
Tokyo Japan,35.7090259,139.7319925,JP,,,Tokyo,google
Stamford CT,41.0518188477,-73.5422286987,United States,CT,,Stamford,bing
Santiago Chile,-33.4488897,-70.6692655,CL,Santiago Metropolitan Region,Santiago Province,Stgo,google
Kazan RU,55.8304307,49.0660806,RU,Tatarstan,g. Kazan',Kazan,google
Port Louis MA,41.655282,-70.285623,US,MA,Barnstable County,Barnstable,google
Secaucus NJ,40.7895453,-74.0565298,US,NJ,Hudson County,Secaucus,google
Cesky Tesin CZ,49.7470441,18.6237961,CZ,Moravian-Silesian Region,Karviná District,Český Těšín,google
Vilnius LT,54.6871555,25.2796514,LT,Vilnius County,Vilnius city municipality,Vilnius,google
State College PA,40.7933949,-77.8600012,US,PA,Centre County,State College,google
Katowice PL,50.2648919,19.0237815,PL,Silesian Voivodeship,Katowice,Katowice,google
Marseille France,43.296482,5.36978,FR,PACA,13,Marseille,google
Rostov na Donu RU,47.2357137,39.701505,RU,Rostov Oblast,g. Rostov-na-Donu,Rostov-on-Don,google
Durban SA,-30.618957,30.546184,ZA,KZN,Ugu District Municipality,Durban,google
Donetsk UA,48.015883,37.80285,UA,Donetsk Oblast,,Donetsk,google
Ryazan RU,54.6095418,39.7125857,RU,Ryazan Oblast,,Ryazan,google
Arusha TA,-3.372301,36.6944136,TZ,Arusha,Arusha,Arusha,google
Kyiv UA,50.4501,30.5234,UA,Kyiv city,Kyiv City,Kyiv,google
Oakland CA,37.8043637,-122.2711137,US,CA,Alameda County,Oakland,google
Orlando FL,28.5383355,-81.3792365,US,FL,Orange County,Orlando,google
Lexington KY,38.0405837,-84.5037164,US,KY,Fayette County,Lexington,google
Thailand,15.870032,100.992541,TH,,,,google
Ramallah PS,31.8980428,35.2042714,,,,Ramallah,google
Gubkin RU,51.2837028503,37.5472450256,Russia,Belgorod,,Gubkin,bing
Ottawa CA,45.3891983032,-75.68800354,Canada,ON,,Ottawa,bing
Vienna Austria,48.2081743,16.3738189,AT,Vienna,,Vienna,google
Ekaterinburg RU,56.8389261,60.6057025,RU,Sverdlovsk Oblast,g. Ekaterinburg,Yekaterinburg,google
Roachdale IN,39.8489339,-86.8022295,US,IN,Putnam County,Roachdale,google
Denver CO,39.7392358,-104.990251,US,CO,Denver County,Denver,google
Manasquan NJ,40.1136928,-74.0376355,US,NJ,Monmouth County,Manasquan,google
Hong Kong China,22.396428,114.109497,HK,,,,google
Tri Cities TN,36.4810948,-82.4078585,US,TN,Sullivan County,Blountville,google
Zagreb Croatia,45.8150108,15.981919,HR,City of Zagreb,,Zagreb,google
Georges GD,12.0560975,-61.7487996,GD,Saint George,,St Georges,google
Buffalo NY US,42.8864468,-78.8783689,US,NY,Erie County,Buffalo,google
Malmo SE,58.8511505127,16.5169506073,Sweden,Sodermanland County,,Malmö,bing
Saratov RU,51.5563789,45.9798167,RU,Saratov Oblast,g. Saratov,Saratov,google
Mobile AL,30.6953657,-88.0398912,US,AL,Mobile County,Mobile,google
Klaipeda LT,55.7032948,21.1442794,LT,Klaipėda County,Klaipėdos m. sav.,Klaipeda,google
Sterling VA US,39.0066993,-77.4291298,US,VA,Loudoun County,Sterling,google
N Novgorod RU,58.5255698,31.2741928,RU,Novgorod Oblast,g. Velikiy Novgorod,Veliky Novgorod,google
Stockholm Sweden,59.3293235,18.0685808,SE,Stockholm County,Stockholm,Stockholm,google
Klagenfurt AT,46.6364598,14.3122246,AT,Carinthia,Klagenfurt am Wörthersee,Klagenfurt,google
Newark US,40.735657,-74.1723667,US,NJ,Essex County,Newark,google
Khartoum SU,15.8411111,32.9522222,SD,Khartoum,Khartoum Bahri,,google
Kiev UKR,50.453056,30.526944,UA,Kyiv city,Kyiv City,Kyiv,google
Brussels Belgium,50.8503396,4.3517103,BE,Brussels,,Brussels,google
Perm RU,58.0296813,56.2667916,RU,Perm Krai,g. Perm',Perm,google
Philadelphia PA US,39.9525839,-75.1652215,US,PA,Philadelphia County,Philadelphia,google
Cape Town ZA,-33.9248685,18.4240553,ZA,WC,Cape Town,Cape Town,google
Sacramento CA US,38.5815719,-121.4943996,US,CA,Sacramento County,Sacramento,google
Kuala Lumpur Malaysia,3.139003,101.686855,MY,Federal Territory of Kuala Lumpur,,Kuala Lumpur,google
Oslo NOR,59.9077583,10.735517,NO,"Oslo, Norway",,Oslo,google
Alvesta SE,56.8992104,14.5560006,SE,Kronoberg County,Alvesta,Alvesta,google
Surgut RU,61.2559503,73.3845471,RU,ХМАО,g. Surgut,Surgut,google
Kaunas LT,54.8985207,23.9035965,LT,Kaunas County,Kauno m. sav.,Kaunas,google
Fort Lauderdale FL,26.123670578,-80.1435623169,United States,FL,,Fort Lauderdale,bing
Zurich Switzerland,47.3686498,8.5391825,CH,ZH,Zürich District,Zurich,google
Jackson MS,32.2987573,-90.1848103,US,MS,Hinds County,Jackson,google
Port Vila VU,-17.7332512,168.3273245,VU,Shefa Province,,Port Vila,google
Lviv UKR,49.8229301,24.0374906,UA,Lviv Oblast,,L'viv,google
London Telecity UK,51.5073509,-0.1277583,GB,,,London,google
Luxembourg City LU,49.611621,6.1319346,LU,Luxembourg,Luxembourg,Luxembourg City,google
Frankfort Germany,50.1109221,8.6821267,DE,HE,DA,Frankfurt,google
Omsk RU,54.9884804,73.3242362,RU,Omsk Oblast,g. Omsk,Omsk,google
Blantyre MW,-15.7666707,35.0167866,MW,Southern Region,Blantyre,Blantyre,google
Angeles CA US,34.0522342,-118.2436849,US,CA,Los Angeles County,LA,google
Little Rock AR,34.7486495972,-92.2744903564,United States,AR,,Little Rock,bing
Bratislava SVK,48.0172881,17.1898965,SK,Bratislava Region,,Bratislava,google
Pittsburge PA,40.4406248,-79.9958864,US,PA,Allegheny County,Pitts,google
Relay MD,39.228412,-76.7062336,US,MD,Baltimore County,Arbutus,google
Enfidha TN,36.1341527,10.3750554,TN,Sousse,Enfidha,Enfidha,google
Dar Es Salaam TZ,-6.7663054,39.1959729,TZ,Dar es Salaam,Kinondoni,DSM,google
Lipetsk RU,52.6121996,39.5981225,RU,Lipetsk Oblast,g. Lipetsk,Lipetsk,google
Vitry Sur Seine FR,48.792001,2.39851,FR,IDF,94,Vitry-sur-Seine,google
Serrekunda GM,13.4502991,-16.6880841,GM,Banjul,Kanifing Municipal Council,Serrekunda,google
Warsaw Poland,52.2296756,21.0122287,PL,Masovian Voivodeship,Warszawa,Warsaw,google
Fujairah AE,25.1288099,56.3264849,AE,,,Fujairah,google
Lee Summit MO,38.9108408,-94.3821724,US,MO,Jackson County,Lee's Summit,google
Berlin Germany,52.5200066,13.404954,DE,Berlin,,Berlin,google
CABASE Cordoba Cordoba CA US,36.778261,-119.4179324,US,CA,,,google
Prague Czech Rep,50.0755381,14.4378005,CZ,Hlavní město Praha,Hlavní město Praha,Prague,google
Jacksonville FL,30.3321838,-81.655651,US,FL,Duval County,Jacksonville,google
Pennsauken NJ,39.9562052,-75.058009,US,NJ,Camden County,Pennsauken Township,google
Calgary Canada,51.0486151,-114.0708459,CA,AB,Division No. 6,Calgary,google
San Jose CA,37.3382082,-121.8863286,US,CA,Santa Clara County,San Jose,google
Krasnoyarsk RU,56.0152834,92.8932476,RU,Krasnoyarsk Krai,g. Krasnoyarsk,Krasnoyarsk,google
Saint Petersburg RU,59.9342802,30.3350986,RU,Saint Petersburg,g. Sankt-Peterburg,СПБ,google
Johannesburg South Africa,-26.2120990753,28.0300006866,South Africa,Gauteng,,Johannesburg,bing
Sofia BU,-20.135307312,28.5570659637,Zimbabwe,Bulawayo,,,bing
Baltimore MD,39.2903848,-76.6121893,US,MD,,Balt,google
Zaporozhye UA,47.8388,35.139567,UA,Zaporiz'ka oblast,,Zaporizhia,google
Pueblo Viejo Puerto Rico,18.4100634,-66.1117828,PR,Guaynabo,,Guaynabo,google
Siauliai LT,55.9349085,23.3136823,LT,Šiauliai County,Šiaulių m. sav.,Šiauliai,google
Belgrade Serbia,44.786568,20.4489216,RS,,City of Belgrade,BG,google
Johannesburg SA,-26.0285932,27.9241684,ZA,GP,City of Johannesburg Metropolitan Municipality,Roodepoort,google
Minsk BY,53.9045398,27.5615244,BY,,,Minsk,google
Mumbai CH,22.3637818,87.5502249,IN,WB,West Medinipur,Balichak,google
Burbank CA,34.1808392,-118.3089661,US,CA,Los Angeles County,Burbank,google
Amsterdam Holland,52.3702157,4.8951679,NL,NH,Government of Amsterdam,Amsterdam,google
Odessa UA,46.482526,30.7233095,UA,Odessa Oblast,,Odessa,google
Dronten NL,52.5346819,5.7218086,NL,FL,Dronten,Dronten,google
Saint Paul MN,44.9537029,-93.0899578,US,MN,Ramsey County,St Paul,google
Taipei Taiwan,25.0329694,121.5654177,TW,,,Taipei,google
Jakarta ID,-6.2087634,106.845599,ID,Special Capital Region of Jakarta,,Jakarta,google
Norfolk VA,36.8507689,-76.2858726,US,VA,,Norfolk,google
Milan Italy,45.4654219,9.1859243,IT,Lombardy,MI,Milan,google
Port au Prince HT,18.594395,-72.3074326,HT,Ouest,,PAP,google
Ljubljana Slovenia,46.0569465,14.5057515,SI,Ljubljana,Ljubljana,Ljubljana,google
Anaheim CA,33.8352932,-117.9145036,US,CA,Orange County,Anaheim,google
Johannesburg ZA,-26.2120990753,28.0300006866,South Africa,Gauteng,,Johannesburg,bing
Charlottesville VA,38.0293059,-78.4766781,US,VA,,Charlottesville,google
Trondheim NO,63.4305149,10.3950528,NO,Sør-Trøndelag,Trondheim,Trondheim,google
Moscow Russia,55.755826,37.6173,RU,Moscow,g. Moskva,Moscow,google
Saint Louis MO,38.6270025,-90.1994042,US,MO,,St Louis,google
Dubai United Arab Emirates,25.2048493,55.2707828,AE,Dubai,,Dubai,google
High Wycombe GB,51.628611,-0.748229,GB,England,Buckinghamshire,High Wycombe,google
Kansas City MO,39.0997265,-94.5785667,US,MO,Jackson County,KCMO,google
Cape Town SA,-33.925948,18.428374,ZA,WC,Cape Town,Cape Town,google
Baton Rouge LA,30.4582829,-91.1403196,US,LA,East Baton Rouge Parish,Baton Rouge,google
Copenhagen Denmark,55.6760968,12.5683371,DK,Capital Region of Denmark,København,kbh,google
Amsterdam Netherlands,52.3306999207,4.8665399551,Netherlands,North Holland,,Amsterdam,bing
Viena Austria,48.2081743,16.3738189,AT,Vienna,,Vienna,google
Kharkov UA,49.9935,36.230383,UA,Kharkiv Oblast,,Kharkiv,google
Goritcy RU,55.6237487793,42.4432983398,Russia,Nizhniy Novgorod,,Navashinskiy rayon,bing
Roseau DM,15.3091676,-61.3793554,DM,Saint George Parish,,Roseau,google
Vancouver Canada,49.2827291,-123.1207375,CA,BC,Greater Vancouver,Vancouver,google
Sacremento CA,38.5815719,-121.4943996,US,CA,Sacramento County,Sacramento,google
Stockholm Swedan,59.3293235,18.0685808,SE,Stockholm County,Stockholm,Stockholm,google
"Memphis, TN",35.1495343,-90.0489801,US,TN,Shelby County,Memphis,google
"Seattle, WA",47.6062095,-122.3320708,US,WA,King County,Seattle,google
"Newark, NJ",40.735657,-74.1723667,US,NJ,Essex County,Newark,google
"New York, NY",40.7127837,-74.0059413,US,NY,,NY,google
"Baltimore, MD",39.2903848,-76.6121893,US,MD,,Balt,google
"San Francisco, CA",37.7749295,-122.4194155,US,CA,San Francisco County,SF,google
"Paris, France",48.856614,2.3522219,FR,IDF,75,Paris,google
"Minneapolis, MN",44.977753,-93.2650108,US,MN,Hennepin County,Minneapolis,google
"Stamford, CT",41.0534302,-73.5387341,US,CT,Fairfield County,Stamford,google
"Dallas, TX",32.7766642,-96.7969879,US,TX,Dallas County,Dallas,google
"Las Vegas, NV",36.1699412,-115.1398296,US,NV,Clark County,Las Vegas,google
"Pittsburgh, PA",40.4406248,-79.9958864,US,PA,Allegheny County,Pitts,google
"Salt Lake City, UT",40.7607793,-111.8910474,US,UT,Salt Lake County,Salt Lake City,google
"Atlanta, GA",33.7489954,-84.3879824,US,GA,Fulton County,Atlanta,google
"Nashville, TN",36.1626638,-86.7816016,US,TN,Davidson County,Nashville,google
"Los Angeles, CA",34.0522342,-118.2436849,US,CA,Los Angeles County,LA,google
"Austin, TX",30.267153,-97.7430608,US,TX,Travis County,Austin,google
"San Jose, CA",37.3382082,-121.8863286,US,CA,Santa Clara County,San Jose,google
"Palo Alto, CA",37.4418834,-122.1430195,US,CA,Santa Clara County,Palo Alto,google
"Boston, MA",42.3600825,-71.0588801,US,MA,Suffolk County,Boston,google
"Kansas City, MO",39.0997265,-94.5785667,US,MO,Jackson County,KCMO,google
"Miami, FL",25.7616798,-80.1917902,US,FL,Miami-Dade County,Miami,google
"London, England",51.5073509,-0.1277583,GB,,,London,google
"Toronto, Canada",43.653226,-79.3831843,CA,ON,Toronto Division,Toronto,google
"Philadelphia, PA",39.9525839,-75.1652215,US,PA,Philadelphia County,Philadelphia,google
"Frankfurt, Germany",50.1109221,8.6821267,DE,HE,DA,Frankfurt,google
"Denver, CO",39.7392358,-104.990251,US,CO,Denver County,Denver,google
"Washington, DC",38.9071923,-77.0368707,US,DC,District of Columbia,D.C.,google
"Phoenix, AZ",33.4483771,-112.0740373,US,AZ,Maricopa County,Phoenix,google
"Chicago, IL",41.8781136,-87.6297982,US,IL,Cook County,Chgo,google
"Amsterdam, Netherlands",52.3702157,4.8951679,NL,NH,Government of Amsterdam,Amsterdam,google
"Portland, OR",45.5230622,-122.6764816,US,OR,Multnomah County,Portland,google
"Houston, TX",29.7604267,-95.3698028,US,TX,Harris County,Houston,google
"Cleveland, OH",41.49932,-81.6943605,US,OH,Cuyahoga County,Cleve,google
"Ashburn, VA",39.0437567,-77.4874416,US,VA,Loudoun County,Ashburn,google
New Jersey US,40.0583238,-74.4056612,US,NJ,,,google
Geneva CH,46.1983922,6.1422961,CH,GE,Genève,Geneva,google
Palermo IT,38.1156879,13.3612671,IT,Sicilia,PA,Palermo,google
Catania IT,37.5078772,15.0830304,IT,Sicilia,CT,Catania,google
Fortaleza BR,-3.7318616,-38.5266704,BR,CE,Fortaleza,Fortaleza,google
Malaysia,4.210484,101.975766,MY,,,,google
Rio De Janeiro BR,-22.9068467,-43.1728965,BR,RJ,Rio de Janeiro,Rio de Janeiro,google
Panama,8.537981,-80.782127,PA,,,,google
Lulea SE,65.584819,22.1567026,SE,Norrbotten County,Luleå,Luleå,google
Santiago CL,-33.4488897,-70.6692655,CL,Santiago Metropolitan Region,Santiago Province,Stgo,google
Wien AT,48.2081743,16.3738189,AT,Vienna,,Vienna,google
Lansing MI US,42.732535,-84.5555347,US,MI,Ingham County,Lansing,google
Accra GH,5.6037168,-0.1869644,GH,Greater Accra,Accra Metropolis,Accra,google
Djibouti,11.825138,42.590275,DJ,,,,google
Lima PE,-12.046374,-77.0427934,PE,Lima,,Lima,google
Milano IT,45.4654219,9.1859243,IT,Lombardy,MI,Milan,google
Taiwan,23.69781,120.960515,TW,,,,google
Edison NJ US,40.5045013428,-74.3470001221,United States,NJ,,Edison,bing
Lyngby DK,55.763516,12.4949429,DK,Capital Region of Denmark,Lyngby-Taarbæk Municipality,Lyngby,google
Buenos Aires AR,-34.6036844,-58.3815591,AR,CABA,,CABA,google
Pori FI,61.4851997,21.7974444,FI,Satakunta,,Pori,google
Mountain View CA US,37.3860517,-122.0838511,US,CA,Santa Clara County,Mountain View,google
Mountain View CA US,37.3860517,-122.0838511,US,CA,Santa Clara County,Mountain View,google
"London, EN",51.4932234,-0.238918,GB,,Gt Lon,London,google
"Montreal, QC",45.5016889,-73.567256,CA,QC,Montreal,Montreal,google
"Amsterdam, NL",52.3702157,4.8951679,NL,NH,Government of Amsterdam,Amsterdam,google
"Vancouver, BC",49.2827291,-123.1207375,CA,BC,Greater Vancouver,Vancouver,google
"Toronto, ON",43.653226,-79.3831843,CA,ON,Toronto Division,Toronto,google
"London, EN",51.4932234,-0.238918,GB,,Gt Lon,London,google
"Montreal, QC",45.5016889,-73.567256,CA,QC,Montreal,Montreal,google
"Amsterdam, NL",52.3702157,4.8951679,NL,NH,Government of Amsterdam,Amsterdam,google
"Vancouver, BC",49.2827291,-123.1207375,CA,BC,Greater Vancouver,Vancouver,google
"Toronto, ON",43.653226,-79.3831843,CA,ON,Toronto Division,Toronto,google
Torrance CA US,33.8358492,-118.3406288,US,CA,Los Angeles County,Torrance,google
Columbia GA US,33.5098514,-82.2583297,US,GA,Columbia County,,google
Mlimani City PE,46.6192512512,-63.1351509094,Canada,PE,,,bing
Tanga PE,-14.8927778,-72.0988889,PE,Arequipa,Condesuyos Province,,google
Kahama PE,46.6192512512,-63.1351509094,Canada,PE,,,bing
Koeln DE,50.937531,6.9602786,DE,NRW,K,Cologne,google
El Paso TX US,31.7775757,-106.4424559,US,TX,El Paso County,El Paso,google
Beckum DE,51.7561792,8.0425504,DE,NRW,Münster,Beckum,google
Zantel PE,46.6192512512,-63.1351509094,Canada,PE,,,bing
CTV PE,46.6192512512,-63.1351509094,Canada,PE,,,bing
Albuquerque NM US,35.0853336,-106.6055534,US,NM,Bernalillo County,Albuquerque,google
Lake Charles LO US,30.2265949,-93.2173758,US,LA,Calcasieu Parish,Lake Charles,google
Salasala PE,46.510712,-63.4168136,CA,PE,,,google
Core KIP P1,55.9083,-4.87643,United Kingdom,,,Kip,bing
Mwanza IXP,-2.5249689,32.9324972,TZ,Mwanza,Nyamagana,Mwanza,google
Sim RU,54.9896116,57.6874206,RU,Chelyabinsk Oblast,Ashinsky District,Sim,google
Moshi PE,46.6192512512,-63.1351509094,Canada,PE,,,bing
Arusha PE,-3.372301,36.6944136,TZ,Arusha,Arusha,Arusha,google
Greenville SC US,34.8526176,-82.3940104,US,SC,Greenville County,Greenville,google
New York City NY US,40.7127837,-74.0059413,US,NY,,NY,google
Fort Worth TX US,32.7554883,-97.3307658,US,TX,Tarrant County,Fort Worth,google
Minnetonka MN US,44.9211836,-93.4687489,US,MN,Hennepin County,Minnetonka,google
Netherlands,52.132633,5.291266,NL,,,,google
Core CLS BR1,NA,NA,NA,NA,NA,NA,NA
Masaki PE,46.6192512512,-63.1351509094,Canada,PE,,,bing
Yekaterinburg RU,56.8389261,60.6057025,RU,Sverdlovsk Oblast,g. Ekaterinburg,Yekaterinburg,google
Orlando FL US,28.5383355,-81.3792365,US,FL,Orange County,Orlando,google
Louisville KY US,38.2526647,-85.7584557,US,KY,Jefferson County,Louisville,google
Santa Barbara CA US,34.4208305,-119.6981901,US,CA,Santa Barbara County,Santa Barbara,google
Des Moines IA US,41.6005448,-93.6091064,US,IA,Polk County,Des Moines,google
Cedar Knolls NJ US,40.821763,-74.4500053,US,NJ,Morris County,Hanover,google
San Diego CA US,32.715738,-117.1610838,US,CA,San Diego County,San Diego,google
San Antonio TX US,29.4241219,-98.4936282,US,TX,Bexar County,San Antonio,google
Baltimore MD US,39.2903848,-76.6121893,US,MD,,Balt,google
Tulsa OK US,36.1539816,-95.992775,US,OK,Tulsa County,Tulsa,google
San Luis Obispo CA US,35.2827524,-120.6596156,US,CA,San Luis Obispo County,San Luis Obispo,google
Mbeya PE,-8.9094014,33.4607744,TZ,Mbeya,Rungwe,Mbeya,google
Oakland CA US,37.8043637,-122.2711137,US,CA,Alameda County,Oakland,google
Millennium PE,46.2212704,-63.0964234,CA,PE,Queens County,Stratford,google
Kabanga PE,46.6192512512,-63.1351509094,Canada,PE,,,bing
Core KIJ,30.5761344,-91.0484888,US,LA,East Baton Rouge Parish,Baton Rouge,google
Fresno CA US,36.7468422,-119.7725868,US,CA,Fresno County,Fresno,google
Rostove na donu RU,47.2357137,39.701505,RU,Rostov Oblast,g. Rostov-na-Donu,Rostov-on-Don,google
QC PE,45.9142575,-76.918144,CA,QC,Pontiac,Waltham,google
Greensboro NC US,36.0726354,-79.7919754,US,NC,Guilford County,Greensboro,google
Irvine CA US,33.6839473,-117.7946942,US,CA,Orange County,Irvine,google
Zanzibar PE,-6.165917,39.202641,TZ,Mjini Magharibi,Urban,Zanzibar,google
Spokane WA US,47.6587802,-117.4260466,US,WA,Spokane County,Spokane,google
Orenburg RU,51.7666482,55.1004538,RU,Orenburg Oblast,g. Orenburg,Orenburg,google
Sterling CO US,40.6255415,-103.207709,US,CO,Logan County,Sterling,google
Buffalo MN US,45.1717846,-93.8747929,US,MN,Wright County,Buffalo,google
Aarhus DK,56.162939,10.203921,DK,Central Denmark Region,Aarhus Municipality,Aarhus,google
Drobeta-Turnu Severin RO,44.6369227,22.6597342,RO,MH,Drobeta - Turnu Severin,Drobeta-Turnu Severin,google
Rochester NY US,43.16103,-77.6109219,US,NY,Monroe County,Rochester,google
Chojnice PL,53.6944002,17.5569252,PL,Pomeranian Voivodeship,Chojnice County,Chojnice,google
Little Rock AR US,34.7464809,-92.2895948,US,AR,Pulaski County,Little Rock,google
Mtwara PE,-10.3112236,40.1759806,TZ,Mtwara,Mtwara,Mtwara,google
Austin TX US,30.267153,-97.7430608,US,TX,Travis County,Austin,google
Herford DE,52.1178305,8.6793998,DE,NRW,Detmold,Herford,google
Jacksonville FL US,30.3321838,-81.655651,US,FL,Duval County,Jacksonville,google
Milwaukee WI US,43.0389025,-87.9064736,US,WI,Milwaukee County,Milw,google
Core Zantel BR1,39.6800003052,-80.1072006226,United States,WV,,Core,bing
Mwanza PE2 CP,-2.5249689,32.9324972,TZ,Mwanza,Nyamagana,Mwanza,google
Airtel PE,46.6192512512,-63.1351509094,Canada,PE,,,bing
Lusaka PE,-15.3875259,28.3228165,ZM,Lusaka,Lusaka,Lusaka,google
Raleigh NC US,35.7795897,-78.6381787,US,NC,Wake County,Raleigh,google
Ilala PE,46.6192512512,-63.1351509094,Canada,PE,,,bing
Kansas City KS US,39.114053,-94.6274636,US,KS,Wyandotte County,Kansas City,google
Columbia SC US US,34.0007104,-81.0348144,US,SC,Richland County,Columbia,google
Iringa PE,-8.7197869,-36.1334764,BR,PE,Jurema,Jurema,google
BR Eassy NBO,-23.5505199,-46.6333094,BR,SP,São Paulo,São Paulo,google
Tampa FL US,27.950575,-82.4571776,US,FL,Hillsborough County,Tampa,google
Colorado Springs CO US,38.8338816,-104.8213634,US,CO,El Paso County,Colorado Springs,google
Birmingham AL US,33.5206608,-86.80249,US,AL,Jefferson County,Birmingham,google
UN Road PE,46.331038,-63.134612,CA,PE,Queens County,Union Road,google
Mobile AL US,30.6953657,-88.0398912,US,AL,Mobile County,Mobile,google
Core TIX BR1,-23.5505199,-46.6333094,BR,SP,São Paulo,São Paulo,google
Bukoba PE,-1.3296409,31.8050125,TZ,Kagera,Bukoba,Bukoba,google
Morogoro PE,-6.8303731,37.670589,TZ,Morogoro,Morogoro,Morogoro,google
Memphis TN US,35.1495343,-90.0489801,US,TN,Shelby County,Memphis,google
Darmstadt DE,49.8728253,8.6511929,DE,HE,DA,Darmstadt,google
Kigali PE1,-1.9578755,30.112735,RW,Kigali,,Kigali,google
Kigali PE2,-1.9578755,30.112735,RW,Kigali,,Kigali,google
Teraco PE,52.304279,10.255579,Germany,NI,,,bing
Ivanovo RU,57.0050671,40.9766453,RU,Ivanovo Oblast,g. Ivanovo,Ivanovo,google
Core SNH DC,38.9071923,-77.0368707,US,DC,District of Columbia,D.C.,google
Lexington KY US,38.0405837,-84.5037164,US,KY,Fayette County,Lexington,google
Dayton OH US,39.7589478,-84.1916069,US,OH,Montgomery County,Dayton,google
Saint Helier JE,49.1868225,-2.1065682,JE,St Helier,,St Helier,google
Binghamton NY US,42.0986867,-75.9179738,US,NY,Broome County,Binghamton,google
Honolulu HI US,21.3069444,-157.8583333,US,HI,Honolulu County,Honolulu,google
Rostov na donu RU,47.2357137,39.701505,RU,Rostov Oblast,g. Rostov-na-Donu,Rostov-on-Don,google
Cincinnati OH US,39.1031182,-84.5120196,US,OH,Hamilton County,Cin,google
Montgomery AL US,32.3668052,-86.2999689,US,AL,Montgomery County,Montgomery,google
Dodoma PE,-6.162959,35.7516069,TZ,Dodoma,Dodoma,Dodoma,google
Brookfield WI US,43.0605671,-88.1064787,US,WI,Waukesha County,Brookfield,google
Kipawa PE,46.6192512512,-63.1351509094,Canada,PE,,,bing
Albany NY US,42.6525793,-73.7562317,US,NY,Albany County,Albany,google
Oysterbay PE,42.3190282,-71.0394138,US,MA,Suffolk County,Boston,google
Tucson AZ US,32.2217429,-110.926479,US,AZ,Pima County,Tucson,google
Ubungo PE,46.6192512512,-63.1351509094,Canada,PE,,,bing
Kurasini PE,46.6192512512,-63.1351509094,Canada,PE,,,bing
Fort Lauderdale FL US,26.1224386,-80.1373174,US,FL,Broward County,Fort Lauderdale,google
Mafuta PE,46.6192512512,-63.1351509094,Canada,PE,,,bing
Ontario CA US,34.0633443,-117.6508876,US,CA,San Bernardino County,Ontario,google
Tabora PE,48.1637409,17.0967752,SK,,,Bratislava,google
Kamp DE,53.8241044,9.2272611,DE,NDS,,Krummendeich,google
Lusaka BR,-17.831342,25.8594811,ZM,Southern,Livingstone,Livingstone,google
Core TAN P1,22.4251275,114.2126495,HK,New Territories,,,google
Mwanza PE,-2.5249689,32.9324972,TZ,Mwanza,Nyamagana,Mwanza,google
"USA - HI, HONOLULU",21.3069444,-157.8583333,US,HI,Honolulu County,Honolulu,google
San Jose California,37.3382082,-121.8863286,US,CA,Santa Clara County,San Jose,google
"USA - AZ, TUCSON",32.2217429,-110.926479,US,AZ,Pima County,Tucson,google
"USA - TX, HOUSTON",29.7604267,-95.3698028,US,TX,Harris County,Houston,google
Dallas Texas,32.7766642,-96.7969879,US,TX,Dallas County,Dallas,google
Frankurt Germany,50.1109221,8.6821267,DE,HE,DA,Frankfurt,google
Kula Lumpur Malaysia,3.139003,101.686855,MY,Federal Territory of Kuala Lumpur,,Kuala Lumpur,google
Nairobi Keyna,-1.2920659,36.8219462,KE,Nairobi,,Nairobi,google
"USA - IA, BETTENDORF",41.56085,-90.48344,US,IA,Scott County,Bettendorf,google
Fuchsstadt Germany,50.1067853,9.9333439,DE,BY,Lower Franconia,Fuchsstadt,google
Tanzania,-6.369028,34.888822,TZ,,,,google
Lusaka Zambia,-15.3875259,28.3228165,ZM,Lusaka,Lusaka,Lusaka,google
"USA - NV, LAS VEGAS",36.1699412,-115.1398296,US,NV,Clark County,Las Vegas,google
Ho Chi Minh City Vietnam,10.8230989,106.6296638,VN,Ho Chi Minh,,Ho Chi Minh City,google
"USA - MN, ROCHESTER",44.0121221,-92.4801989,US,MN,Olmsted County,Rochester,google
"USA - IL, CHICAGO",41.8781136,-87.6297982,US,IL,Cook County,Chgo,google
"USA - OR, PORTLAND",45.5230622,-122.6764816,US,OR,Multnomah County,Portland,google
"USA - UT, SALT LAKE CITY",40.7607793,-111.8910474,US,UT,Salt Lake County,Salt Lake City,google
"USA - IA, DES MOINES",41.6005448,-93.6091064,US,IA,Polk County,Des Moines,google
"USA - MN, ST CLOUD",45.5579451,-94.1632404,US,MN,Benton County,St Cloud,google
"USA - CO, DENVER",39.7392358,-104.990251,US,CO,Denver County,Denver,google
"USA - MO, KANSAS CITY",39.0997265,-94.5785667,US,MO,Jackson County,KCMO,google
Osaka Japan,34.6937378,135.5021651,JP,Osaka Prefecture,,Osaka,google
"USA - AZ, TEMPE",33.4255104,-111.9400054,US,AZ,Maricopa County,Tempe,google
"USA - FL, MIAMI",25.7616798,-80.1917902,US,FL,Miami-Dade County,Miami,google
Laredo Texas,27.5305671,-99.4803241,US,TX,Webb County,Laredo,google
Chicago Illinois,41.8781136,-87.6297982,US,IL,Cook County,Chgo,google
"USA - MA, BOSTON",42.3600825,-71.0588801,US,MA,Suffolk County,Boston,google
Seattle Washington,47.6062095,-122.3320708,US,WA,King County,Seattle,google
Herndon Virginia,38.9695545,-77.3860976,US,VA,Fairfax County,Herndon,google
"USA - NE, OMAHA",41.2523634,-95.9979883,US,NE,Douglas County,Omaha,google
"USA - CO, COLORADO SPRINGS",38.8338816,-104.8213634,US,CO,El Paso County,Colorado Springs,google
"USA - ND, BISMARCK",46.8083268,-100.7837392,US,ND,Burleigh County,Bismarck,google
Taipei ROC,43.1225229,-77.6665722,US,NY,Monroe County,Rochester,google
Hanoi Vietnam,21.0277644,105.8341598,VN,Hanoi,Hoàn Kiếm,Hanoi,google
Reston Virginia,38.9586307,-77.3570028,US,VA,Fairfax County,Reston,google
Ho Chi Min City,10.8230989,106.6296638,VN,Ho Chi Minh,,Ho Chi Minh City,google
Bucharest Romainia,44.4267674,26.1025384,RO,Bucharest,Bucharest,Bucharest,google
"USA - FL, TAMPA",27.950575,-82.4571776,US,FL,Hillsborough County,Tampa,google
"USA - IA, CEDAR RAPIDS",41.9778795,-91.6656232,US,IA,Linn County,Cedar Rapids,google
"USA - GA, ATLANTA",33.7489954,-84.3879824,US,GA,Fulton County,Atlanta,google
Loredo Texas,27.5305671,-99.4803241,US,TX,Webb County,Laredo,google
"USA - NY, MANHATTAN",40.7830603,-73.9712488,US,NY,New York County,NY,google
"USA - CA, BURBANK",34.1808392,-118.3089661,US,CA,Los Angeles County,Burbank,google
Mauritius,-20.348404,57.552152,MU,,,,google
Mozambique,-18.665695,35.529562,MZ,,,,google
"USA - MT, BILLINGS",45.7832856,-108.5006904,US,MT,Yellowstone County,Billings,google
Cairo Eygpt,30.0444196,31.2357116,EG,Cairo Governorate,,Cairo,google
Los Angeles California,34.0522342,-118.2436849,US,CA,Los Angeles County,LA,google
"USA - WA, SPOKANE",47.6587802,-117.4260466,US,WA,Spokane County,Spokane,google
"USA - WA, TUKWILA",47.4739884,-122.2609558,US,WA,King County,Tukwila,google
Atlanta Georgia,33.7489954,-84.3879824,US,GA,Fulton County,Atlanta,google
"USA - CO, HIGHLANDS RANCH",39.5480789,-104.9739333,US,CO,Douglas County,Highlands Ranch,google
"USA - DC, WASHINGTON",38.9071923,-77.0368707,US,DC,District of Columbia,D.C.,google
"USA - CA, SUNNYVALE",37.36883,-122.0363496,US,CA,Santa Clara County,Sunnyvale,google
Belgium,50.503887,4.469936,BE,,,,google
"Newton, NJ, USA",41.0581527,-74.7526651,US,NJ,Sussex County,Newton,google
"JPN - JP, TOKYO",35.6885347,139.8947838,JP,Tōkyō-to,,Edogawa-ku,google
"Sydney, AU",-33.8674869,151.2069902,AU,NSW,,Sydney,google
Athens Greece,37.983917,23.7293599,GR,Attica,Attica,Athens,google
Lagos Nigeria,6.5243793,3.3792057,NG,Lagos,,Lagos,google
"USA - NC, CHARLOTTE",35.2270869,-80.8431267,US,NC,Mecklenburg County,Charlotte,google
"USA - TX, DALLAS",32.7766642,-96.7969879,US,TX,Dallas County,Dallas,google
"USA - NJ, NEWARK",40.735657,-74.1723667,US,NJ,Essex County,Newark,google
"USA - CA, SAN JOSE",37.3382082,-121.8863286,US,CA,Santa Clara County,San Jose,google
"USA - WY, CHEYENNE",41.1399814,-104.8202462,US,WY,Laramie County,Cheyenne,google
Manila Philippines,14.5995124,120.9842195,PH,NCR,,Manila,google
Baltimore Maryland,39.2903848,-76.6121893,US,MD,,Balt,google
"Brisbane, AU",-27.4710107,153.0234489,AU,QLD,,Brisbane,google
Ashburn Virginia,39.0437567,-77.4874416,US,VA,Loudoun County,Ashburn,google
Manila Phillipines,14.5995124,120.9842195,PH,NCR,,Manila,google
"USA - MN, DULUTH",46.7866719,-92.1004852,US,MN,St Louis County,Duluth,google
"USA - NM, ALBUQUERQUE",35.0853336,-106.6055534,US,NM,Bernalillo County,Albuquerque,google
Accra Ghana,5.6037168,-0.1869644,GH,Greater Accra,Accra Metropolis,Accra,google
Gaborone Botswana,-24.6282079,25.9231471,BW,South-East,Gaborone,Gaborone,google
Kampala Uganda,0.3475964,32.5825197,UG,Central Region,Kampala,Kampala,google
Malawi,-13.254308,34.301525,MW,,,,google
"USA - ID, BOISE",43.6187102,-116.2146068,US,ID,Ada County,Boise,google
McAllen Texas,26.2034071,-98.2300124,US,TX,Hidalgo County,McAllen,google
Keyna,16.55,21.9,TD,Ennedi,Ennedi Ouest,,google
Bangkok Thailand,13.7563309,100.5017651,TH,,,Bangkok,google
"USA - IA, SIOUX CITY",42.4999942,-96.4003069,US,IA,Woodbury County,Sioux City,google
Jakarta Indonesia,-6.2087634,106.845599,ID,Special Capital Region of Jakarta,,Jakarta,google
"USA - OR, EUGENE",44.0520691,-123.0867536,US,OR,Lane County,Eugene,google
Lilongwe Malawi,-13.9626121,33.7741195,MW,Central Region,Lilongwe,Lilongwe,google
"USA - NC, ROCKY MT",35.9382103,-77.7905339,US,NC,Edgecombe County,Rocky Mount,google
Miami Florida,25.7616798,-80.1917902,US,FL,Miami-Dade County,Miami,google
Mtunzini South Africa,-28.9596737,31.7500778,ZA,KZN,(South) Uthungulu DC,Mtunzini,google
Nairobi Kenya,-1.2920659,36.8219462,KE,Nairobi,,Nairobi,google
"USA - ND, FARGO",46.8771863,-96.7898034,US,ND,Cass County,Fargo,google
"HKG - HK, TSUEN WAN",22.3699122,114.1144306,HK,New Territories,Tsuen Wan District,Hong Kong,google
New York City,40.7127837,-74.0059413,US,NY,,NY,google
Botswana,-22.328474,24.684866,BW,,,,google
"USA - MN, MINNEAPOLIS",44.977753,-93.2650108,US,MN,Hennepin County,Minneapolis,google
"Riga, Latvia",56.9496487,24.1051864,LV,Rīgas pilsēta,Rīgas pilsēta,Rīga,google
"Moscow, Russia",55.755826,37.6173,RU,Moscow,g. Moskva,Moscow,google
"St Petersburg, Russia",59.9342802,30.3350986,RU,Saint Petersburg,g. Sankt-Peterburg,СПБ,google
"Tartu, Estonia",58.3776252,26.7290063,EE,Tartu County,Tartu linn,Tartu,google
"Vilnius, Lithuania",54.6871555,25.2796514,LT,Vilnius County,Vilnius city municipality,Vilnius,google
"Warsaw, Poland",52.2296756,21.0122287,PL,Masovian Voivodeship,Warszawa,Warsaw,google
"Tbilisi, Georgia",41.7151377,44.827096,GE,Tbilisi,Didi digomi,Tbilisi,google
"Tallinn, Estonia",59.43696079999999,24.7535746,EE,Harju County,Tallinna linn,Tallinn,google
"Bucharest, Romania",44.4267674,26.1025384,RO,Bucharest,Bucharest,Bucharest,google
"Stockholm, Sweden",59.32932349999999,18.0685808,SE,Stockholm County,Stockholm,Stockholm,google
"Nirata, JP",35.7766076,140.3187806,JP,Chiba Prefecture,,Narita,google
"Toronto, ON, CA",43.653226,-79.3831843,CA,ON,Toronto Division,Toronto,google
"London, UK",51.5073509,-0.1277583,GB,England,Gt Lon,London,google
"Newyork, NY",40.7127837,-74.0059413,US,NY,,NY,google
"HongKong, CN",22.2783151,114.174695,HK,,,Hong Kong,google
"Dulles, VA",38.9558546,-77.44781929999999,US,VA,Loudoun County,Dulles,google
"LosAngles, CA",34.0522342,-118.2436849,US,CA,Los Angeles County,LA,google
"SanJose, CA",37.3382082,-121.8863286,US,CA,Santa Clara County,San Jose,google
"Sydney, Australia",-33.8674869,151.2069902,AU,NSW,,Sydney,google
